NR,SAMPLE_IDX,DURATION
0,0,155
0,1,155
0,2,155
0,3,155
0,4,155
0,5,155
0,6,182
0,7,183
0,8,206
0,9,199
0,10,191
0,11,203
0,12,207
0,13,203
0,14,216
0,15,221
0,16,220
0,17,218
0,18,219
0,19,218
0,20,220
0,21,216
0,22,219
0,23,212
0,24,206
0,25,191
0,26,194
0,27,185
0,28,180
0,29,185
0,30,186
0,31,181
0,32,206
0,33,205
0,34,192
0,35,198
0,36,191
0,37,196
0,38,208
0,39,206
0,40,221
0,41,222
0,42,227
0,43,231
0,44,243
0,45,234
0,46,246
0,47,244
0,48,235
0,49,231
0,50,225
0,51,224
0,52,206
0,53,210
0,54,209
0,55,204
0,56,207
0,57,211
0,58,184
0,59,203
0,60,181
0,61,186
0,62,205
0,63,206
0,64,204
0,65,207
0,66,209
0,67,210
0,68,230
0,69,231
0,70,239
0,71,233
0,72,244
0,73,244
0,74,236
0,75,239
0,76,229
0,77,220
0,78,220
0,79,211
0,80,204
0,81,208
0,82,203
0,83,203
0,84,204
0,85,180
0,86,177
0,87,173
0,88,172
0,89,171
0,90,171
0,91,174
0,92,177
0,93,178
0,94,178
0,95,181
0,96,181
0,97,180
0,98,178
0,99,179
0,100,178
0,101,176
0,102,169
0,103,170
0,104,180
0,105,186
0,106,182
0,107,164
0,108,176
0,109,160
0,110,159
0,111,155
0,112,155
0,113,174
0,114,161
0,115,178
0,116,183
0,117,185
0,118,188
0,119,173
0,120,173
0,121,176
0,122,175
0,123,182
0,124,170
0,125,186
0,126,180
0,127,181
0,128,161
0,129,158
0,130,176
0,131,158
0,132,161
0,133,182
0,134,187
0,135,178
0,136,178
0,137,206
0,138,201
0,139,206
0,140,217
0,141,216
0,142,223
0,143,234
0,144,216
0,145,218
0,146,205
0,147,203
0,148,208
0,149,184
0,150,179
0,151,173
0,152,187
0,153,178
0,154,177
0,155,179
0,156,181
0,157,205
0,158,200
0,159,207
0,160,215
0,161,219
0,162,223
0,163,236
0,164,232
0,165,223
0,166,214
0,167,203
0,168,203
0,169,203
0,170,182
0,171,180
0,172,182
0,173,176
0,174,176
0,175,156
0,176,164
0,177,157
0,178,177
0,179,157
0,180,177
0,181,185
0,182,177
0,183,177
0,184,170
0,185,180
0,186,176
0,187,176
0,188,177
0,189,177
0,190,176
0,191,174
0,192,181
0,193,181
0,194,182
0,195,182
0,196,179
0,197,159
0,198,176
0,199,180
0,200,160
0,201,178
0,202,184
0,203,184
0,204,180
0,205,174
0,206,175
0,207,178
0,208,201
0,209,204
0,210,208
0,211,208
0,212,207
0,213,223
0,214,218
0,215,225
0,216,234
0,217,232
0,218,231
0,219,242
0,220,244
0,221,235
0,222,231
0,223,228
0,224,231
0,225,218
0,226,222
0,227,218
0,228,207
0,229,209
0,230,206
0,231,205
0,232,204
0,233,208
0,234,202
0,235,182
0,236,184
0,237,200
0,238,207
0,239,181
0,240,183
0,241,175
0,242,179
0,243,188
0,244,177
0,245,178
0,246,176
0,247,179
0,248,177
0,249,183
0,250,178
0,251,180
0,252,205
0,253,205
0,254,205
0,255,204
0,256,207
0,257,206
0,258,199
0,259,205
0,260,208
0,261,207
0,262,219
0,263,210
0,264,215
0,265,214
0,266,221
0,267,217
0,268,224
0,269,233
0,270,221
0,271,232
0,272,235
0,273,223
0,274,227
0,275,233
0,276,239
0,277,232
0,278,233
0,279,231
0,280,241
0,281,234
0,282,240
0,283,233
0,284,234
0,285,246
0,286,231
0,287,238
0,288,233
0,289,231
0,290,235
0,291,227
0,292,233
0,293,228
0,294,234
0,295,225
0,296,225
0,297,224
0,298,221
0,299,217
0,300,227
0,301,221
0,302,228
0,303,223
0,304,217
0,305,220
0,306,214
0,307,221
0,308,213
0,309,219
0,310,209
0,311,210
0,312,216
0,313,207
0,314,211
0,315,205
0,316,210
0,317,207
0,318,204
0,319,208
0,320,203
0,321,208
0,322,204
0,323,202
0,324,206
0,325,204
0,326,207
0,327,210
0,328,203
0,329,205
0,330,202
0,331,211
0,332,198
0,333,203
0,334,204
0,335,207
0,336,207
0,337,203
0,338,202
0,339,181
0,340,185
0,341,205
0,342,183
0,343,178
0,344,176
0,345,177
0,346,175
0,347,175
0,348,173
0,349,174
0,350,185
0,351,179
0,352,182
0,353,186
0,354,178
0,355,187
0,356,179
0,357,165
0,358,160
0,359,176
0,360,177
0,361,158
0,362,159
0,363,160
1,0,139
1,1,139
1,2,139
1,3,139
1,4,139
1,5,139
1,6,206
1,7,211
1,8,223
1,9,221
1,10,210
1,11,204
1,12,207
1,13,207
1,14,203
1,15,207
1,16,205
1,17,206
1,18,215
1,19,204
1,20,204
1,21,205
1,22,211
1,23,208
1,24,204
1,25,208
1,26,207
1,27,193
1,28,194
1,29,194
1,30,180
1,31,177
1,32,202
1,33,193
1,34,190
1,35,190
1,36,189
1,37,169
1,38,165
1,39,160
1,40,182
1,41,179
1,42,160
1,43,157
1,44,177
1,45,154
1,46,158
1,47,162
1,48,155
1,49,156
1,50,158
1,51,160
1,52,161
1,53,184
1,54,158
1,55,178
1,56,181
1,57,172
1,58,176
1,59,177
1,60,175
1,61,204
1,62,202
1,63,203
1,64,204
1,65,206
1,66,207
1,67,204
1,68,209
1,69,220
1,70,222
1,71,225
1,72,219
1,73,217
1,74,220
1,75,213
1,76,221
1,77,226
1,78,213
1,79,209
1,80,202
1,81,204
1,82,200
1,83,200
1,84,202
1,85,186
1,86,177
1,87,201
1,88,182
1,89,186
1,90,171
1,91,178
1,92,164
1,93,180
1,94,183
1,95,180
1,96,179
1,97,177
1,98,184
1,99,178
1,100,177
1,101,179
1,102,162
1,103,180
1,104,180
1,105,180
1,106,187
1,107,182
1,108,182
1,109,173
1,110,171
1,111,176
1,112,180
1,113,179
1,114,207
1,115,211
1,116,208
1,117,201
1,118,206
1,119,206
1,120,211
1,121,211
1,122,217
1,123,225
1,124,220
1,125,226
1,126,236
1,127,222
1,128,213
1,129,208
1,130,207
1,131,205
1,132,205
1,133,206
1,134,209
1,135,182
1,136,176
1,137,179
1,138,178
1,139,185
1,140,183
1,141,162
1,142,159
1,143,155
1,144,154
1,145,150
1,146,155
1,147,151
1,148,150
1,149,151
1,150,158
1,151,158
1,152,157
1,153,183
1,154,159
1,155,176
1,156,184
1,157,188
1,158,179
1,159,183
1,160,182
1,161,179
1,162,179
1,163,181
1,164,157
1,165,162
1,166,155
1,167,156
1,168,152
1,169,153
1,170,147
1,171,139
1,172,143
1,173,144
1,174,147
1,175,148
1,176,148
1,177,150
1,178,155
1,179,157
1,180,156
1,181,180
1,182,170
1,183,183
1,184,182
1,185,185
1,186,182
1,187,183
1,188,177
1,189,156
1,190,154
1,191,149
1,192,147
1,193,145
1,194,154
1,195,146
1,196,149
1,197,156
1,198,172
1,199,180
1,200,179
1,201,199
1,202,204
1,203,218
1,204,221
1,205,223
1,206,218
1,207,209
1,208,202
1,209,209
1,210,180
1,211,170
1,212,185
1,213,182
1,214,177
1,215,184
1,216,182
1,217,173
1,218,178
1,219,205
1,220,207
1,221,217
1,222,223
1,223,225
1,224,229
1,225,220
1,226,203
1,227,207
1,228,203
1,229,173
1,230,179
1,231,181
1,232,184
1,233,158
1,234,160
1,235,179
1,236,165
1,237,178
1,238,173
1,239,172
1,240,175
1,241,177
1,242,176
1,243,175
1,244,170
1,245,182
1,246,181
1,247,161
1,248,156
1,249,177
1,250,184
1,251,180
1,252,184
1,253,178
1,254,206
1,255,201
1,256,220
1,257,220
1,258,232
1,259,233
1,260,235
1,261,226
1,262,208
1,263,204
1,264,205
1,265,179
1,266,177
1,267,172
1,268,181
1,269,168
1,270,182
1,271,176
1,272,180
1,273,202
1,274,207
1,275,221
1,276,218
1,277,224
1,278,226
1,279,230
1,280,221
1,281,208
1,282,212
1,283,178
1,284,176
1,285,182
1,286,164
1,287,159
1,288,144
1,289,144
1,290,144
2,0,132
2,1,132
2,2,132
2,3,132
2,4,132
2,5,132
2,6,158
2,7,199
2,8,193
2,9,193
2,10,198
2,11,228
2,12,217
2,13,193
2,14,190
2,15,167
2,16,167
2,17,160
2,18,149
2,19,152
2,20,153
2,21,152
2,22,168
2,23,167
2,24,178
2,25,190
2,26,206
2,27,206
2,28,206
2,29,209
2,30,189
2,31,184
2,32,165
2,33,156
2,34,159
2,35,178
2,36,160
2,37,162
2,38,166
2,39,191
2,40,187
2,41,211
2,42,223
2,43,221
2,44,222
2,45,223
2,46,209
2,47,196
2,48,171
2,49,162
2,50,159
2,51,152
2,52,146
2,53,149
2,54,146
2,55,143
2,56,144
2,57,149
2,58,158
2,59,154
2,60,154
2,61,157
2,62,177
2,63,162
2,64,153
2,65,146
2,66,148
2,67,147
2,68,135
2,69,133
2,70,132
2,71,133
2,72,133
2,73,145
2,74,138
2,75,143
2,76,142
2,77,148
2,78,152
2,79,160
2,80,160
2,81,180
2,82,178
2,83,158
2,84,157
2,85,150
2,86,149
2,87,148
2,88,145
2,89,146
2,90,138
2,91,147
2,92,144
2,93,145
2,94,145
2,95,148
2,96,147
2,97,144
2,98,143
2,99,148
2,100,149
2,101,157
2,102,160
2,103,177
2,104,169
2,105,171
2,106,178
2,107,208
2,108,204
2,109,207
2,110,205
2,111,205
2,112,208
2,113,221
2,114,215
2,115,214
2,116,224
2,117,220
2,118,225
2,119,220
2,120,219
2,121,220
2,122,203
2,123,204
2,124,206
2,125,208
2,126,207
2,127,206
2,128,202
2,129,180
2,130,171
2,131,185
2,132,177
2,133,177
2,134,183
2,135,183
2,136,183
2,137,182
2,138,179
2,139,178
2,140,160
2,141,158
2,142,153
2,143,155
2,144,158
2,145,154
2,146,154
2,147,157
2,148,180
2,149,164
2,150,177
2,151,183
2,152,168
2,153,169
2,154,174
2,155,180
2,156,182
2,157,206
2,158,207
2,159,207
2,160,208
2,161,206
2,162,202
2,163,208
2,164,222
2,165,225
2,166,225
2,167,220
2,168,222
2,169,218
2,170,219
2,171,220
2,172,221
2,173,223
2,174,214
2,175,219
2,176,211
2,177,203
2,178,203
2,179,206
2,180,204
2,181,203
2,182,203
2,183,201
2,184,182
2,185,175
2,186,175
2,187,172
2,188,169
2,189,170
2,190,182
2,191,179
2,192,184
2,193,179
2,194,180
2,195,174
2,196,155
2,197,154
2,198,152
2,199,150
2,200,151
2,201,146
2,202,152
2,203,152
2,204,151
2,205,153
2,206,151
2,207,149
2,208,153
2,209,150
2,210,155
2,211,151
2,212,152
2,213,154
2,214,157
2,215,175
2,216,160
2,217,155
2,218,158
2,219,155
2,220,156
2,221,155
2,222,158
2,223,159
2,224,177
2,225,180
2,226,181
2,227,184
2,228,175
2,229,178
2,230,163
2,231,176
2,232,183
2,233,177
2,234,182
2,235,178
2,236,184
2,237,178
2,238,180
2,239,185
2,240,183
2,241,182
2,242,185
2,243,176
2,244,177
2,245,180
2,246,184
2,247,176
2,248,184
2,249,182
2,250,180
2,251,187
2,252,179
2,253,186
2,254,186
2,255,168
2,256,189
2,257,170
2,258,181
2,259,178
2,260,184
2,261,182
2,262,183
2,263,183
2,264,181
2,265,179
2,266,181
2,267,180
2,268,189
2,269,179
2,270,184
2,271,178
2,272,182
2,273,178
2,274,163
2,275,173
2,276,174
2,277,180
2,278,158
2,279,177
2,280,159
2,281,179
2,282,156
2,283,160
2,284,160
2,285,160
2,286,158
2,287,153
2,288,150
2,289,149
2,290,150
2,291,150
2,292,147
2,293,147
2,294,152
2,295,153
2,296,154
2,297,148
2,298,152
2,299,150
2,300,150
2,301,150
2,302,149
2,303,148
2,304,151
2,305,155
2,306,158
2,307,173
2,308,162
2,309,160
2,310,182
2,311,176
2,312,167
2,313,176
2,314,179
2,315,181
2,316,205
2,317,204
2,318,206
2,319,208
2,320,209
2,321,228
2,322,222
2,323,215
2,324,222
2,325,223
2,326,235
2,327,223
2,328,222
2,329,224
2,330,209
2,331,206
2,332,202
2,333,206
2,334,209
2,335,181
2,336,178
2,337,183
2,338,182
2,339,174
2,340,181
2,341,183
2,342,162
2,343,158
2,344,180
2,345,160
2,346,159
2,347,179
2,348,170
2,349,179
2,350,180
2,351,173
2,352,180
2,353,202
2,354,204
2,355,209
2,356,212
2,357,210
2,358,226
2,359,227
2,360,222
2,361,220
2,362,221
2,363,216
2,364,209
2,365,203
2,366,204
2,367,208
2,368,184
2,369,176
2,370,185
2,371,179
2,372,182
2,373,155
2,374,150
2,375,143
2,376,142
3,0,139
3,1,139
3,2,139
3,3,139
3,4,139
3,5,139
3,6,169
3,7,170
3,8,167
3,9,165
3,10,160
3,11,160
3,12,174
3,13,196
3,14,198
3,15,186
3,16,196
3,17,201
3,18,208
3,19,208
3,20,205
3,21,205
3,22,208
3,23,206
3,24,190
3,25,184
3,26,186
3,27,169
3,28,169
3,29,166
3,30,154
3,31,153
3,32,156
3,33,151
3,34,149
3,35,156
3,36,151
3,37,184
3,38,187
3,39,188
3,40,190
3,41,190
3,42,210
3,43,208
3,44,209
3,45,218
3,46,219
3,47,220
3,48,217
3,49,205
3,50,207
3,51,209
3,52,201
3,53,173
3,54,180
3,55,176
3,56,179
3,57,181
3,58,176
3,59,160
3,60,163
3,61,183
3,62,176
3,63,172
3,64,180
3,65,201
3,66,201
3,67,207
3,68,217
3,69,225
3,70,217
3,71,221
3,72,216
3,73,220
3,74,200
3,75,207
3,76,185
3,77,175
3,78,185
3,79,179
3,80,162
3,81,154
3,82,158
3,83,154
3,84,144
3,85,149
3,86,153
3,87,151
3,88,154
3,89,163
3,90,160
3,91,179
3,92,183
3,93,177
3,94,180
3,95,184
3,96,179
3,97,178
3,98,161
3,99,155
3,100,157
3,101,147
3,102,148
3,103,145
3,104,139
3,105,142
3,106,151
3,107,147
3,108,148
3,109,147
3,110,143
3,111,148
3,112,148
3,113,154
3,114,155
3,115,161
3,116,179
3,117,177
3,118,177
3,119,178
3,120,188
3,121,182
3,122,180
3,123,182
3,124,160
3,125,156
3,126,154
3,127,149
3,128,146
3,129,147
3,130,147
3,131,147
3,132,150
3,133,146
3,134,152
3,135,156
3,136,178
3,137,183
3,138,170
3,139,184
3,140,203
3,141,209
3,142,208
3,143,204
3,144,208
3,145,220
3,146,220
3,147,221
3,148,224
3,149,212
3,150,202
3,151,200
3,152,202
3,153,181
3,154,176
3,155,168
3,156,180
3,157,180
3,158,184
3,159,185
3,160,181
3,161,175
3,162,176
3,163,209
3,164,205
3,165,211
3,166,223
3,167,214
3,168,234
3,169,220
3,170,224
3,171,220
3,172,222
3,173,206
3,174,204
3,175,183
3,176,177
3,177,174
3,178,183
3,179,183
3,180,164
3,181,180
3,182,177
3,183,183
3,184,179
3,185,171
3,186,171
3,187,172
3,188,175
3,189,176
3,190,176
3,191,177
3,192,172
3,193,177
3,194,179
3,195,182
3,196,177
3,197,161
3,198,178
3,199,182
3,200,180
3,201,183
3,202,189
3,203,177
3,204,205
3,205,210
3,206,230
3,207,224
3,208,239
3,209,240
3,210,231
3,211,235
3,212,219
3,213,217
3,214,212
3,215,206
3,216,205
3,217,180
3,218,174
3,219,175
3,220,173
3,221,174
3,222,178
3,223,185
3,224,203
3,225,205
3,226,208
3,227,225
3,228,218
3,229,233
3,230,233
3,231,231
3,232,240
3,233,230
3,234,224
3,235,217
3,236,209
3,237,207
3,238,203
3,239,184
3,240,175
3,241,184
3,242,175
3,243,158
3,244,151
3,245,146
3,246,147
3,247,145
3,248,145
3,249,145
3,250,146
3,251,146
4,0,141
4,1,141
4,2,141
4,3,141
4,4,141
4,5,141
4,6,195
4,7,198
4,8,197
4,9,191
4,10,186
4,11,195
4,12,207
4,13,208
4,14,206
4,15,207
4,16,206
4,17,193
4,18,179
4,19,169
4,20,171
4,21,159
4,22,159
4,23,151
4,24,153
4,25,153
4,26,151
4,27,153
4,28,170
4,29,166
4,30,184
4,31,197
4,32,193
4,33,209
4,34,220
4,35,219
4,36,212
4,37,203
4,38,195
4,39,190
4,40,192
4,41,166
4,42,163
4,43,161
4,44,159
4,45,161
4,46,162
4,47,185
4,48,193
4,49,190
4,50,206
4,51,205
4,52,224
4,53,225
4,54,219
4,55,204
4,56,203
4,57,183
4,58,184
4,59,179
4,60,161
4,61,153
4,62,146
4,63,149
4,64,151
4,65,150
4,66,154
4,67,162
4,68,177
4,69,183
4,70,178
4,71,181
4,72,182
4,73,159
4,74,156
4,75,148
4,76,145
4,77,147
4,78,146
4,79,148
4,80,141
4,81,147
4,82,147
4,83,153
4,84,154
4,85,159
4,86,181
4,87,181
4,88,166
4,89,181
4,90,178
4,91,178
4,92,163
4,93,152
4,94,148
4,95,147
4,96,146
4,97,144
4,98,142
4,99,143
4,100,149
4,101,150
4,102,158
4,103,158
4,104,179
4,105,181
4,106,180
4,107,205
4,108,201
4,109,207
4,110,206
4,111,209
4,112,210
4,113,220
4,114,212
4,115,204
4,116,204
4,117,203
4,118,199
4,119,181
4,120,184
4,121,181
4,122,182
4,123,178
4,124,161
4,125,157
4,126,181
4,127,160
4,128,176
4,129,178
4,130,180
4,131,178
4,132,184
4,133,174
4,134,178
4,135,206
4,136,209
4,137,210
4,138,213
4,139,215
4,140,217
4,141,224
4,142,225
4,143,234
4,144,219
4,145,223
4,146,218
4,147,217
4,148,205
4,149,204
4,150,207
4,151,207
4,152,207
4,153,206
4,154,186
4,155,176
4,156,175
4,157,170
4,158,183
4,159,184
4,160,181
4,161,181
4,162,176
4,163,178
4,164,178
4,165,176
4,166,161
4,167,160
4,168,181
4,169,181
4,170,177
4,171,179
4,172,186
4,173,179
4,174,170
4,175,174
4,176,178
4,177,180
4,178,174
4,179,173
4,180,174
4,181,178
4,182,179
4,183,178
4,184,178
4,185,175
4,186,177
4,187,181
4,188,179
4,189,176
4,190,176
4,191,175
4,192,171
4,193,169
4,194,173
4,195,181
4,196,181
4,197,166
4,198,181
4,199,178
4,200,178
4,201,180
4,202,182
4,203,178
4,204,158
4,205,180
4,206,161
4,207,175
4,208,180
4,209,182
4,210,176
4,211,160
4,212,179
4,213,176
4,214,178
4,215,181
4,216,185
4,217,184
4,218,180
4,219,179
4,220,186
4,221,177
4,222,179
4,223,188
4,224,182
4,225,180
4,226,182
4,227,172
4,228,177
4,229,175
4,230,177
4,231,179
4,232,181
4,233,179
4,234,180
4,235,181
4,236,203
4,237,203
4,238,212
4,239,204
4,240,205
4,241,211
4,242,210
4,243,204
4,244,203
4,245,205
4,246,211
4,247,206
4,248,210
4,249,223
4,250,215
4,251,222
4,252,211
4,253,220
4,254,219
4,255,217
4,256,218
4,257,215
4,258,233
4,259,222
4,260,216
4,261,217
4,262,222
4,263,227
4,264,220
4,265,226
4,266,221
4,267,233
4,268,229
4,269,226
4,270,233
4,271,224
4,272,233
4,273,236
4,274,233
4,275,232
4,276,233
4,277,230
4,278,234
4,279,226
4,280,227
4,281,226
4,282,229
4,283,228
4,284,239
4,285,228
4,286,239
4,287,233
4,288,234
4,289,230
4,290,239
4,291,228
4,292,234
4,293,238
4,294,240
4,295,238
4,296,235
4,297,229
4,298,228
4,299,227
4,300,236
4,301,237
4,302,230
4,303,227
4,304,228
4,305,229
4,306,229
4,307,233
4,308,239
4,309,234
4,310,226
4,311,236
4,312,242
4,313,229
4,314,234
4,315,234
4,316,237
4,317,229
4,318,239
4,319,229
4,320,229
4,321,239
4,322,228
4,323,235
4,324,231
4,325,237
4,326,232
4,327,227
4,328,233
4,329,235
4,330,239
4,331,236
4,332,227
4,333,233
4,334,228
4,335,233
4,336,227
4,337,236
4,338,229
4,339,227
4,340,228
4,341,235
4,342,239
4,343,236
4,344,236
4,345,229
4,346,237
4,347,233
4,348,233
4,349,233
4,350,235
4,351,244
4,352,230
4,353,239
4,354,227
4,355,235
4,356,229
4,357,235
4,358,232
4,359,227
4,360,230
4,361,240
4,362,229
4,363,231
4,364,227
4,365,227
4,366,227
4,367,232
4,368,238
4,369,230
4,370,234
4,371,226
4,372,228
4,373,236
4,374,230
4,375,225
4,376,234
4,377,233
4,378,237
4,379,236
4,380,230
4,381,229
4,382,233
4,383,238
4,384,239
4,385,228
4,386,234
4,387,237
4,388,234
4,389,231
4,390,238
4,391,234
4,392,231
4,393,231
4,394,228
4,395,234
4,396,234
4,397,238
4,398,229
4,399,236
4,400,238
4,401,229
4,402,235
4,403,234
4,404,236
4,405,229
4,406,227
4,407,232
4,408,241
4,409,235
4,410,236
4,411,236
4,412,229
4,413,236
4,414,238
4,415,241
4,416,225
4,417,229
4,418,230
4,419,227
4,420,230
4,421,229
4,422,224
4,423,233
4,424,234
4,425,234
4,426,237
4,427,233
4,428,226
4,429,236
4,430,236
4,431,236
4,432,230
4,433,230
4,434,231
4,435,229
4,436,228
4,437,235
4,438,236
4,439,229
4,440,226
4,441,228
4,442,231
4,443,238
4,444,233
4,445,227
4,446,220
4,447,231
4,448,225
4,449,227
4,450,211
4,451,208
4,452,205
4,453,206
4,454,207
4,455,206
4,456,202
4,457,205
4,458,181
4,459,202
4,460,209
4,461,207
4,462,178
4,463,177
4,464,175
4,465,178
4,466,175
4,467,178
4,468,176
4,469,178
4,470,181
4,471,183
4,472,186
4,473,205
4,474,199
4,475,200
4,476,202
4,477,217
4,478,224
4,479,218
4,480,220
4,481,235
4,482,234
4,483,230
4,484,238
4,485,243
4,486,233
4,487,233
4,488,233
4,489,239
4,490,235
4,491,217
4,492,214
4,493,218
4,494,206
4,495,203
4,496,210
4,497,199
4,498,180
4,499,177
4,500,172
4,501,179
4,502,179
4,503,181
4,504,157
4,505,159
4,506,154
4,507,144
4,508,145
4,509,145
4,510,147
4,511,146
4,512,147
4,513,147
4,514,144
5,0,142
5,1,141
5,2,145
5,3,167
5,4,163
5,5,157
5,6,162
5,7,177
5,8,194
5,9,200
5,10,206
5,11,209
5,12,194
5,13,180
5,14,167
5,15,156
5,16,152
5,17,156
5,18,142
5,19,143
5,20,156
5,21,157
5,22,167
5,23,171
5,24,192
5,25,198
5,26,207
5,27,224
5,28,227
5,29,203
5,30,204
5,31,179
5,32,180
5,33,179
5,34,162
5,35,150
5,36,152
5,37,149
5,38,156
5,39,158
5,40,177
5,41,161
5,42,181
5,43,177
5,44,182
5,45,182
5,46,156
5,47,148
5,48,147
5,49,148
5,50,149
5,51,149
5,52,150
5,53,147
5,54,158
5,55,178
5,56,179
5,57,176
5,58,170
5,59,167
5,60,181
5,61,181
5,62,186
5,63,175
5,64,156
5,65,149
5,66,144
5,67,145
5,68,148
5,69,145
5,70,151
5,71,159
5,72,183
5,73,172
5,74,180
5,75,208
5,76,204
5,77,210
5,78,221
5,79,216
5,80,215
5,81,223
5,82,206
5,83,212
5,84,203
5,85,178
5,86,184
5,87,179
5,88,183
5,89,177
5,90,178
5,91,154
5,92,183
5,93,176
5,94,176
5,95,201
5,96,202
5,97,206
5,98,214
5,99,218
5,100,225
5,101,232
5,102,222
5,103,234
5,104,219
5,105,222
5,106,207
5,107,206
5,108,205
5,109,203
5,110,178
5,111,170
5,112,168
5,113,179
5,114,161
5,115,179
5,116,184
5,117,156
5,118,178
5,119,178
5,120,179
5,121,183
5,122,176
5,123,187
5,124,176
5,125,176
5,126,178
5,127,178
5,128,176
5,129,182
5,130,178
5,131,177
5,132,174
5,133,172
5,134,173
5,135,185
5,136,180
5,137,180
5,138,166
5,139,158
5,140,176
5,141,160
5,142,180
5,143,180
5,144,182
5,145,173
5,146,180
5,147,170
5,148,180
5,149,178
5,150,182
5,151,208
5,152,204
5,153,210
5,154,216
5,155,218
5,156,220
5,157,221
5,158,234
5,159,230
5,160,226
5,161,237
5,162,224
5,163,215
5,164,209
5,165,206
5,166,206
5,167,182
5,168,205
5,169,178
5,170,177
5,171,175
5,172,171
5,173,185
5,174,181
5,175,171
5,176,185
5,177,173
5,178,174
5,179,181
5,180,211
5,181,203
5,182,207
5,183,212
5,184,226
5,185,222
5,186,235
5,187,236
5,188,235
5,189,230
5,190,221
5,191,219
5,192,209
5,193,211
5,194,210
5,195,204
5,196,176
5,197,181
5,198,180
5,199,156
5,200,153
5,201,143
5,202,148
6,0,139
6,1,139
6,2,139
6,3,139
6,4,139
6,5,139
6,6,205
6,7,213
6,8,229
6,9,217
6,10,206
6,11,201
6,12,211
6,13,206
6,14,210
6,15,203
6,16,203
6,17,206
6,18,193
6,19,184
6,20,182
6,21,166
6,22,168
6,23,153
6,24,153
6,25,142
6,26,140
6,27,143
6,28,143
6,29,141
6,30,145
6,31,139
6,32,175
6,33,164
6,34,168
6,35,192
6,36,194
6,37,190
6,38,209
6,39,205
6,40,213
6,41,220
6,42,203
6,43,193
6,44,189
6,45,196
6,46,188
6,47,168
6,48,160
6,49,181
6,50,160
6,51,157
6,52,155
6,53,176
6,54,179
6,55,183
6,56,176
6,57,204
6,58,204
6,59,206
6,60,221
6,61,224
6,62,219
6,63,221
6,64,206
6,65,205
6,66,203
6,67,179
6,68,177
6,69,182
6,70,160
6,71,153
6,72,145
6,73,149
6,74,149
6,75,153
6,76,147
6,77,173
6,78,162
6,79,176
6,80,182
6,81,181
6,82,188
6,83,184
6,84,178
6,85,177
6,86,157
6,87,153
6,88,146
6,89,147
6,90,148
6,91,139
6,92,144
6,93,145
6,94,146
6,95,152
6,96,144
6,97,149
6,98,154
6,99,179
6,100,185
6,101,174
6,102,179
6,103,181
6,104,181
6,105,164
6,106,162
6,107,155
6,108,146
6,109,148
6,110,149
6,111,143
6,112,147
6,113,148
6,114,150
6,115,151
6,116,158
6,117,165
6,118,179
6,119,206
6,120,204
6,121,208
6,122,220
6,123,225
6,124,227
6,125,206
6,126,202
6,127,209
6,128,182
6,129,171
6,130,178
6,131,185
6,132,180
6,133,159
6,134,176
6,135,179
6,136,186
6,137,175
6,138,181
6,139,208
6,140,206
6,141,210
6,142,209
6,143,222
6,144,233
6,145,219
6,146,225
6,147,204
6,148,207
6,149,207
6,150,181
6,151,183
6,152,179
6,153,182
6,154,184
6,155,155
6,156,152
6,157,154
6,158,174
6,159,163
6,160,181
6,161,176
6,162,180
6,163,170
6,164,179
6,165,168
6,166,175
6,167,174
6,168,175
6,169,183
6,170,184
6,171,177
6,172,181
6,173,180
6,174,179
6,175,161
6,176,177
6,177,163
6,178,156
6,179,150
6,180,176
6,181,155
6,182,162
6,183,174
6,184,186
6,185,182
6,186,169
6,187,178
6,188,182
6,189,208
6,190,205
6,191,215
6,192,210
6,193,213
6,194,225
6,195,220
6,196,230
6,197,235
6,198,228
6,199,237
6,200,238
6,201,236
6,202,235
6,203,222
6,204,218
6,205,220
6,206,218
6,207,203
6,208,205
6,209,209
6,210,209
6,211,203
6,212,184
6,213,200
6,214,182
6,215,175
6,216,176
6,217,174
6,218,176
6,219,177
6,220,173
6,221,183
6,222,186
6,223,180
6,224,178
6,225,169
6,226,182
6,227,186
6,228,182
6,229,172
6,230,169
6,231,186
6,232,173
6,233,183
6,234,174
6,235,176
6,236,181
6,237,182
6,238,184
6,239,181
6,240,185
6,241,205
6,242,205
6,243,203
6,244,202
6,245,204
6,246,210
6,247,204
6,248,206
6,249,208
6,250,207
6,251,220
6,252,214
6,253,229
6,254,218
6,255,221
6,256,220
6,257,223
6,258,221
6,259,235
6,260,234
6,261,233
6,262,230
6,263,242
6,264,237
6,265,231
6,266,232
6,267,230
6,268,232
6,269,236
6,270,231
6,271,232
6,272,228
6,273,235
6,274,243
6,275,232
6,276,224
6,277,225
6,278,221
6,279,217
6,280,222
6,281,219
6,282,213
6,283,215
6,284,221
6,285,218
6,286,208
6,287,207
6,288,205
6,289,204
6,290,204
6,291,209
6,292,204
6,293,201
6,294,206
6,295,206
6,296,206
6,297,209
6,298,187
6,299,204
6,300,180
6,301,180
6,302,177
6,303,173
6,304,175
6,305,176
6,306,174
6,307,171
6,308,170
6,309,180
6,310,182
6,311,180
6,312,180
6,313,176
6,314,179
6,315,180
6,316,178
6,317,157
6,318,153
6,319,155
6,320,157
6,321,157
6,322,150
6,323,153
6,324,162
6,325,150
6,326,150
6,327,148
6,328,152
6,329,152
6,330,145
6,331,142
6,332,147
6,333,144
6,334,148
6,335,145
6,336,145
6,337,146
6,338,148
6,339,148
6,340,148
6,341,144
6,342,145
6,343,146
6,344,146
6,345,149
6,346,143
6,347,145
6,348,147
6,349,144
6,350,144
6,351,149
7,0,142
7,1,142
7,2,142
7,3,142
7,4,142
7,5,142
7,6,236
7,7,242
7,8,248
7,9,251
7,10,232
7,11,229
7,12,219
7,13,201
7,14,192
7,15,180
7,16,169
7,17,156
7,18,147
7,19,152
7,20,142
7,21,155
7,22,154
7,23,153
7,24,170
7,25,178
7,26,190
7,27,202
7,28,218
7,29,207
7,30,207
7,31,193
7,32,202
7,33,199
7,34,163
7,35,162
7,36,157
7,37,165
7,38,157
7,39,167
7,40,158
7,41,191
7,42,188
7,43,195
7,44,220
7,45,217
7,46,232
7,47,217
7,48,210
7,49,192
7,50,192
7,51,182
7,52,160
7,53,153
7,54,148
7,55,151
7,56,147
7,57,153
7,58,156
7,59,177
7,60,171
7,61,179
7,62,179
7,63,179
7,64,156
7,65,147
7,66,148
7,67,146
7,68,149
7,69,150
7,70,147
7,71,152
7,72,176
7,73,179
7,74,183
7,75,183
7,76,183
7,77,179
7,78,162
7,79,146
7,80,149
7,81,149
7,82,143
7,83,147
7,84,160
7,85,165
7,86,201
7,87,201
7,88,207
7,89,217
7,90,212
7,91,207
7,92,179
7,93,176
7,94,178
7,95,181
7,96,176
7,97,178
7,98,173
7,99,180
7,100,200
7,101,212
7,102,222
7,103,229
7,104,219
7,105,206
7,106,203
7,107,203
7,108,179
7,109,171
7,110,162
7,111,181
7,112,184
7,113,184
7,114,178
7,115,183
7,116,176
7,117,179
7,118,177
7,119,177
7,120,174
7,121,178
7,122,183
7,123,180
7,124,175
7,125,175
7,126,162
7,127,185
7,128,185
7,129,178
7,130,174
7,131,180
7,132,207
7,133,206
7,134,223
7,135,209
7,136,219
7,137,235
7,138,237
7,139,234
7,140,222
7,141,230
7,142,219
7,143,214
7,144,218
7,145,202
7,146,208
7,147,202
7,148,205
7,149,206
7,150,186
7,151,179
7,152,179
7,153,177
7,154,177
7,155,175
7,156,177
7,157,175
7,158,170
7,159,167
7,160,183
7,161,173
7,162,179
7,163,170
7,164,172
7,165,177
7,166,181
7,167,180
7,168,178
7,169,181
7,170,187
7,171,177
7,172,190
7,173,179
7,174,185
7,175,180
7,176,180
7,177,180
7,178,181
7,179,172
7,180,168
7,181,179
7,182,171
7,183,178
7,184,171
7,185,172
7,186,176
7,187,183
7,188,175
7,189,182
7,190,173
7,191,173
7,192,175
7,193,175
7,194,176
7,195,176
7,196,174
7,197,176
7,198,176
7,199,176
7,200,173
7,201,173
7,202,173
7,203,177
7,204,169
7,205,173
7,206,174
7,207,173
7,208,184
7,209,175
7,210,175
7,211,175
7,212,174
7,213,184
7,214,173
7,215,185
7,216,174
7,217,172
7,218,175
7,219,174
7,220,175
7,221,175
7,222,175
7,223,174
7,224,177
7,225,180
7,226,179
7,227,202
7,228,201
7,229,206
7,230,205
7,231,205
7,232,204
7,233,184
7,234,185
7,235,181
7,236,175
7,237,202
7,238,176
7,239,177
7,240,199
7,241,201
7,242,202
7,243,181
7,244,181
7,245,180
7,246,178
7,247,183
7,248,177
7,249,182
7,250,180
7,251,201
7,252,178
7,253,180
7,254,183
7,255,184
7,256,200
7,257,201
7,258,181
7,259,201
7,260,200
7,261,181
7,262,199
7,263,181
7,264,180
7,265,183
7,266,180
7,267,183
7,268,180
7,269,200
7,270,177
7,271,182
7,272,182
7,273,181
7,274,181
7,275,180
7,276,185
7,277,182
7,278,179
7,279,182
7,280,181
7,281,180
7,282,180
7,283,178
7,284,201
7,285,183
7,286,181
7,287,180
7,288,200
7,289,183
7,290,181
7,291,201
7,292,204
7,293,180
7,294,182
7,295,178
7,296,179
7,297,185
7,298,185
7,299,183
7,300,202
7,301,181
7,302,177
7,303,182
7,304,179
7,305,181
7,306,177
7,307,204
7,308,184
7,309,203
7,310,205
7,311,203
7,312,204
7,313,201
7,314,205
7,315,202
7,316,206
7,317,203
7,318,200
7,319,203
7,320,182
7,321,201
7,322,181
7,323,203
7,324,204
7,325,183
7,326,181
7,327,184
7,328,186
7,329,184
7,330,182
7,331,183
7,332,181
7,333,182
7,334,203
7,335,202
7,336,205
7,337,201
7,338,204
7,339,204
7,340,183
7,341,203
7,342,203
7,343,199
7,344,204
7,345,181
7,346,205
7,347,206
7,348,181
7,349,180
7,350,179
7,351,178
7,352,179
7,353,181
7,354,206
7,355,205
7,356,201
7,357,185
7,358,207
7,359,207
7,360,203
7,361,201
7,362,185
7,363,180
7,364,182
7,365,205
7,366,204
7,367,182
7,368,207
7,369,197
7,370,202
7,371,208
7,372,202
7,373,204
7,374,207
7,375,180
7,376,181
7,377,204
7,378,204
7,379,183
7,380,184
7,381,204
7,382,203
7,383,185
7,384,205
7,385,204
7,386,205
7,387,184
7,388,201
7,389,202
7,390,206
7,391,208
7,392,206
7,393,198
7,394,206
7,395,183
7,396,201
7,397,204
7,398,201
7,399,200
7,400,202
7,401,182
7,402,203
7,403,202
7,404,180
7,405,183
7,406,180
7,407,203
7,408,203
7,409,202
7,410,205
7,411,181
7,412,181
7,413,183
7,414,181
7,415,182
7,416,203
7,417,201
7,418,208
7,419,202
7,420,205
7,421,203
7,422,201
7,423,182
7,424,200
7,425,204
7,426,183
7,427,202
7,428,201
7,429,208
7,430,205
7,431,203
7,432,185
7,433,184
7,434,200
7,435,179
7,436,203
7,437,182
7,438,202
7,439,185
7,440,205
7,441,206
7,442,184
7,443,206
7,444,183
7,445,203
7,446,181
7,447,181
7,448,208
7,449,179
7,450,180
7,451,206
7,452,201
7,453,183
7,454,187
7,455,182
7,456,202
7,457,186
7,458,201
7,459,202
7,460,202
7,461,186
7,462,182
7,463,200
7,464,202
7,465,207
7,466,183
7,467,201
7,468,179
7,469,183
7,470,180
7,471,183
7,472,181
7,473,201
7,474,184
7,475,203
7,476,202
7,477,206
7,478,181
7,479,201
7,480,185
7,481,202
7,482,182
7,483,183
7,484,209
7,485,204
7,486,207
7,487,201
7,488,184
7,489,201
7,490,204
7,491,184
7,492,204
7,493,205
7,494,204
7,495,184
7,496,177
7,497,181
7,498,184
7,499,204
7,500,205
7,501,205
7,502,181
7,503,203
7,504,199
7,505,201
7,506,201
7,507,184
7,508,203
7,509,202
7,510,202
7,511,206
7,512,203
7,513,182
7,514,184
7,515,200
7,516,185
7,517,186
7,518,184
7,519,202
7,520,205
7,521,202
7,522,183
7,523,210
7,524,203
7,525,201
7,526,205
7,527,186
7,528,182
7,529,205
7,530,181
7,531,182
7,532,185
7,533,204
7,534,187
7,535,203
7,536,208
7,537,206
7,538,206
7,539,200
7,540,201
7,541,204
7,542,183
7,543,183
7,544,202
7,545,182
7,546,185
7,547,181
7,548,204
7,549,208
7,550,207
7,551,206
7,552,205
7,553,207
7,554,203
7,555,208
7,556,204
7,557,184
7,558,201
7,559,203
7,560,182
7,561,180
7,562,200
7,563,187
7,564,182
7,565,179
7,566,205
7,567,205
7,568,206
7,569,207
7,570,206
7,571,201
7,572,199
7,573,205
7,574,202
7,575,182
7,576,182
7,577,205
7,578,206
7,579,204
7,580,200
7,581,204
7,582,184
7,583,182
7,584,186
7,585,206
7,586,182
7,587,203
7,588,204
7,589,181
7,590,182
7,591,204
7,592,205
7,593,206
7,594,206
7,595,183
7,596,183
7,597,207
7,598,205
7,599,202
7,600,184
7,601,201
7,602,182
7,603,179
7,604,183
7,605,206
7,606,204
7,607,205
7,608,205
7,609,203
7,610,203
7,611,205
7,612,185
7,613,200
7,614,206
7,615,204
7,616,206
7,617,203
7,618,205
7,619,206
7,620,183
7,621,181
7,622,201
7,623,202
7,624,204
7,625,185
7,626,183
7,627,197
7,628,180
7,629,184
7,630,205
7,631,206
7,632,205
7,633,205
7,634,203
7,635,182
7,636,184
7,637,200
7,638,204
7,639,204
7,640,187
7,641,184
7,642,187
7,643,208
7,644,184
7,645,184
7,646,185
7,647,182
7,648,185
7,649,181
7,650,200
7,651,205
7,652,182
7,653,203
7,654,181
7,655,183
7,656,203
7,657,203
7,658,182
7,659,182
7,660,207
7,661,204
7,662,186
7,663,185
7,664,183
7,665,180
7,666,184
7,667,203
7,668,208
7,669,205
7,670,202
7,671,201
7,672,207
7,673,201
7,674,179
7,675,182
7,676,182
7,677,185
7,678,202
7,679,203
7,680,206
7,681,208
7,682,183
7,683,179
7,684,186
7,685,181
7,686,184
7,687,203
7,688,208
7,689,206
7,690,202
7,691,202
7,692,206
7,693,180
7,694,185
7,695,184
7,696,184
7,697,183
7,698,183
7,699,204
7,700,201
7,701,201
7,702,182
7,703,203
7,704,205
7,705,183
7,706,204
7,707,202
7,708,185
7,709,185
7,710,204
7,711,205
7,712,204
7,713,206
7,714,182
7,715,201
7,716,208
7,717,200
7,718,206
7,719,185
7,720,204
7,721,204
7,722,182
7,723,182
7,724,206
7,725,200
7,726,185
7,727,183
7,728,183
7,729,206
7,730,182
7,731,181
7,732,186
7,733,182
7,734,203
7,735,203
7,736,207
7,737,204
7,738,208
7,739,184
7,740,180
7,741,204
7,742,203
7,743,203
7,744,204
7,745,205
7,746,204
7,747,203
7,748,205
7,749,181
7,750,180
7,751,204
7,752,203
7,753,202
7,754,206
7,755,189
7,756,203
7,757,205
7,758,183
7,759,199
7,760,204
7,761,182
7,762,200
7,763,181
7,764,201
7,765,205
7,766,206
7,767,204
7,768,207
7,769,184
7,770,207
7,771,201
7,772,205
7,773,208
7,774,209
7,775,206
7,776,204
7,777,202
7,778,200
7,779,185
7,780,181
7,781,202
7,782,209
7,783,201
7,784,181
7,785,200
7,786,182
7,787,203
7,788,183
7,789,205
7,790,185
7,791,208
7,792,205
7,793,203
7,794,189
7,795,200
7,796,203
7,797,207
7,798,208
7,799,203
7,800,183
7,801,203
7,802,207
7,803,205
7,804,203
7,805,202
7,806,207
7,807,208
7,808,182
7,809,186
7,810,208
7,811,203
7,812,208
7,813,203
7,814,203
7,815,202
7,816,206
7,817,184
7,818,182
7,819,201
7,820,207
7,821,204
7,822,206
7,823,203
7,824,203
7,825,205
7,826,184
7,827,180
7,828,203
7,829,182
7,830,202
7,831,207
7,832,203
7,833,186
7,834,180
7,835,182
7,836,200
7,837,205
7,838,182
7,839,205
7,840,188
7,841,205
7,842,203
7,843,185
7,844,204
7,845,187
7,846,206
7,847,202
7,848,204
7,849,183
7,850,181
7,851,181
7,852,205
7,853,187
7,854,206
7,855,201
7,856,205
7,857,208
7,858,208
7,859,203
7,860,203
7,861,206
7,862,204
7,863,206
7,864,182
7,865,188
7,866,184
7,867,205
7,868,206
7,869,199
7,870,179
7,871,201
7,872,205
7,873,202
7,874,186
7,875,204
7,876,201
7,877,207
7,878,185
7,879,200
7,880,207
7,881,202
7,882,209
7,883,206
7,884,207
7,885,202
7,886,203
7,887,204
7,888,186
7,889,200
7,890,199
7,891,204
7,892,205
7,893,186
7,894,203
7,895,185
7,896,184
7,897,205
7,898,208
7,899,204
7,900,202
7,901,207
7,902,203
7,903,207
7,904,209
7,905,202
7,906,202
7,907,208
7,908,201
7,909,200
7,910,203
7,911,197
7,912,183
7,913,204
7,914,203
7,915,202
7,916,201
7,917,207
7,918,206
7,919,205
7,920,185
7,921,207
7,922,204
7,923,206
7,924,206
7,925,204
7,926,209
7,927,207
7,928,204
7,929,203
7,930,204
7,931,203
7,932,204
7,933,205
7,934,202
7,935,205
7,936,206
7,937,203
7,938,205
7,939,207
7,940,204
7,941,183
7,942,202
7,943,203
7,944,188
7,945,207
7,946,205
7,947,202
7,948,208
7,949,207
7,950,185
7,951,203
7,952,205
7,953,185
7,954,202
7,955,206
7,956,206
7,957,210
7,958,186
7,959,206
7,960,206
7,961,206
7,962,202
7,963,203
7,964,207
7,965,204
7,966,203
7,967,206
7,968,204
7,969,202
7,970,202
7,971,208
7,972,205
7,973,183
7,974,204
7,975,203
7,976,184
7,977,198
7,978,206
7,979,199
7,980,205
7,981,211
7,982,200
7,983,208
7,984,181
7,985,205
7,986,203
7,987,202
7,988,207
7,989,180
7,990,180
7,991,208
7,992,207
7,993,202
7,994,207
7,995,206
7,996,204
7,997,208
7,998,202
7,999,187
7,1000,182
7,1001,207
7,1002,185
7,1003,206
7,1004,205
7,1005,205
7,1006,205
7,1007,203
7,1008,210
7,1009,203
7,1010,203
7,1011,202
7,1012,184
7,1013,202
7,1014,202
7,1015,184
7,1016,185
7,1017,208
7,1018,200
7,1019,203
7,1020,203
7,1021,204
7,1022,191
7,1023,182
7,1024,185
7,1025,204
7,1026,185
7,1027,181
7,1028,199
7,1029,185
7,1030,209
7,1031,204
7,1032,206
7,1033,184
7,1034,203
7,1035,187
7,1036,203
7,1037,205
7,1038,181
7,1039,203
7,1040,201
7,1041,210
7,1042,205
7,1043,209
7,1044,205
7,1045,205
7,1046,209
7,1047,206
7,1048,211
7,1049,205
7,1050,187
7,1051,185
7,1052,183
7,1053,207
7,1054,184
7,1055,204
7,1056,204
7,1057,182
7,1058,209
7,1059,207
7,1060,203
7,1061,205
7,1062,204
7,1063,202
7,1064,207
7,1065,203
7,1066,201
7,1067,203
7,1068,206
7,1069,183
7,1070,198
7,1071,205
7,1072,204
7,1073,200
7,1074,203
7,1075,207
7,1076,184
7,1077,207
7,1078,205
7,1079,185
7,1080,201
7,1081,201
7,1082,203
7,1083,203
7,1084,204
7,1085,200
7,1086,185
7,1087,186
7,1088,182
7,1089,181
7,1090,203
7,1091,203
7,1092,201
7,1093,205
7,1094,203
7,1095,203
7,1096,204
7,1097,205
7,1098,181
7,1099,201
7,1100,207
7,1101,200
7,1102,205
7,1103,182
7,1104,204
7,1105,206
7,1106,183
7,1107,204
7,1108,206
7,1109,208
7,1110,185
7,1111,201
7,1112,205
7,1113,209
7,1114,186
7,1115,181
7,1116,184
7,1117,202
7,1118,200
7,1119,177
7,1120,181
7,1121,206
7,1122,201
7,1123,188
7,1124,207
7,1125,180
7,1126,202
7,1127,206
7,1128,203
7,1129,183
7,1130,204
7,1131,209
7,1132,203
7,1133,201
7,1134,207
7,1135,183
7,1136,208
7,1137,181
7,1138,184
7,1139,203
7,1140,185
7,1141,204
7,1142,185
7,1143,204
7,1144,207
7,1145,206
7,1146,209
7,1147,204
7,1148,202
7,1149,207
7,1150,203
7,1151,207
7,1152,207
7,1153,202
7,1154,207
7,1155,204
7,1156,203
7,1157,201
7,1158,205
7,1159,212
7,1160,206
7,1161,205
7,1162,204
7,1163,206
7,1164,200
7,1165,200
7,1166,206
7,1167,182
7,1168,181
7,1169,202
7,1170,205
7,1171,205
7,1172,203
7,1173,183
7,1174,181
7,1175,187
7,1176,182
7,1177,188
7,1178,206
7,1179,180
7,1180,182
7,1181,204
7,1182,204
7,1183,207
7,1184,203
7,1185,207
7,1186,203
7,1187,181
7,1188,202
7,1189,182
7,1190,204
7,1191,185
7,1192,206
7,1193,206
7,1194,203
7,1195,204
7,1196,204
7,1197,206
7,1198,203
7,1199,203
7,1200,202
7,1201,204
7,1202,201
7,1203,204
7,1204,184
7,1205,203
7,1206,206
7,1207,182
7,1208,184
7,1209,199
7,1210,187
7,1211,184
7,1212,182
7,1213,185
7,1214,183
7,1215,203
7,1216,206
7,1217,200
7,1218,182
7,1219,185
7,1220,182
7,1221,184
7,1222,182
7,1223,180
7,1224,182
7,1225,205
7,1226,209
7,1227,183
7,1228,205
7,1229,204
7,1230,199
7,1231,183
7,1232,181
7,1233,201
7,1234,206
7,1235,181
7,1236,185
7,1237,205
7,1238,185
7,1239,204
7,1240,203
7,1241,202
7,1242,184
7,1243,180
7,1244,181
7,1245,181
7,1246,179
7,1247,202
7,1248,208
7,1249,205
7,1250,182
7,1251,201
7,1252,204
7,1253,202
7,1254,202
7,1255,178
7,1256,205
7,1257,183
7,1258,180
7,1259,207
7,1260,205
7,1261,180
7,1262,182
7,1263,203
7,1264,205
7,1265,204
7,1266,179
7,1267,181
7,1268,181
7,1269,182
7,1270,201
7,1271,202
7,1272,207
7,1273,205
7,1274,183
7,1275,181
7,1276,202
7,1277,203
7,1278,207
7,1279,182
7,1280,200
7,1281,183
7,1282,200
7,1283,205
7,1284,200
7,1285,203
7,1286,205
7,1287,205
7,1288,204
7,1289,180
7,1290,183
7,1291,181
7,1292,184
7,1293,183
7,1294,184
7,1295,181
7,1296,183
7,1297,203
7,1298,182
7,1299,203
7,1300,183
7,1301,202
7,1302,181
7,1303,200
7,1304,186
7,1305,203
7,1306,180
7,1307,182
7,1308,204
7,1309,206
7,1310,184
7,1311,178
7,1312,203
7,1313,184
7,1314,184
7,1315,186
7,1316,208
7,1317,203
7,1318,202
7,1319,203
7,1320,201
7,1321,203
7,1322,204
7,1323,204
7,1324,206
7,1325,201
7,1326,185
7,1327,181
7,1328,205
7,1329,203
7,1330,206
7,1331,205
7,1332,184
7,1333,202
7,1334,184
7,1335,182
7,1336,184
7,1337,207
7,1338,205
7,1339,185
7,1340,182
7,1341,201
7,1342,186
7,1343,203
7,1344,182
7,1345,181
7,1346,207
7,1347,184
7,1348,200
7,1349,182
7,1350,181
7,1351,205
7,1352,203
7,1353,209
7,1354,182
7,1355,204
7,1356,208
7,1357,205
7,1358,207
7,1359,201
7,1360,206
7,1361,205
7,1362,206
7,1363,207
7,1364,202
7,1365,204
7,1366,185
7,1367,202
7,1368,205
7,1369,187
7,1370,186
7,1371,188
7,1372,204
7,1373,182
7,1374,206
7,1375,201
7,1376,185
7,1377,183
7,1378,184
7,1379,186
7,1380,204
7,1381,204
7,1382,182
7,1383,181
7,1384,202
7,1385,205
7,1386,183
7,1387,185
7,1388,201
7,1389,184
7,1390,181
7,1391,183
7,1392,204
7,1393,205
7,1394,207
7,1395,207
7,1396,185
7,1397,204
7,1398,206
7,1399,206
7,1400,183
7,1401,185
7,1402,201
7,1403,208
7,1404,204
7,1405,204
7,1406,203
7,1407,203
7,1408,190
7,1409,206
7,1410,207
7,1411,205
7,1412,206
7,1413,205
7,1414,206
7,1415,204
7,1416,182
7,1417,204
7,1418,183
7,1419,185
7,1420,204
7,1421,184
7,1422,184
7,1423,203
7,1424,200
7,1425,202
7,1426,182
7,1427,206
7,1428,203
7,1429,204
7,1430,186
7,1431,183
7,1432,183
7,1433,184
7,1434,205
7,1435,203
7,1436,208
7,1437,203
7,1438,180
7,1439,202
7,1440,206
7,1441,183
7,1442,182
7,1443,204
7,1444,186
7,1445,204
7,1446,204
7,1447,208
7,1448,201
7,1449,185
7,1450,183
7,1451,187
7,1452,205
7,1453,205
7,1454,207
7,1455,200
7,1456,186
7,1457,201
7,1458,184
7,1459,184
7,1460,207
7,1461,205
7,1462,202
7,1463,205
7,1464,204
7,1465,206
7,1466,207
7,1467,199
7,1468,204
7,1469,207
7,1470,204
7,1471,185
7,1472,207
7,1473,182
7,1474,179
7,1475,204
7,1476,206
7,1477,201
7,1478,185
7,1479,203
7,1480,204
7,1481,209
7,1482,185
7,1483,207
7,1484,184
7,1485,184
7,1486,198
7,1487,205
7,1488,186
7,1489,200
7,1490,201
7,1491,206
7,1492,184
7,1493,202
7,1494,206
7,1495,184
7,1496,207
7,1497,210
7,1498,183
7,1499,203
7,1500,184
7,1501,186
7,1502,205
7,1503,207
7,1504,206
7,1505,210
7,1506,184
7,1507,203
7,1508,186
7,1509,205
7,1510,203
7,1511,206
7,1512,185
7,1513,181
7,1514,201
7,1515,203
7,1516,203
7,1517,204
7,1518,180
7,1519,185
7,1520,181
7,1521,184
7,1522,204
7,1523,199
7,1524,204
7,1525,206
7,1526,206
7,1527,205
7,1528,186
7,1529,206
7,1530,181
7,1531,206
7,1532,186
7,1533,180
7,1534,202
7,1535,202
7,1536,181
7,1537,181
7,1538,181
7,1539,203
7,1540,204
7,1541,203
7,1542,206
7,1543,207
7,1544,207
7,1545,208
7,1546,203
7,1547,183
7,1548,184
7,1549,185
7,1550,182
7,1551,183
7,1552,203
7,1553,205
7,1554,182
7,1555,180
7,1556,179
7,1557,205
7,1558,181
7,1559,180
7,1560,203
7,1561,207
7,1562,202
7,1563,184
7,1564,202
7,1565,185
7,1566,180
7,1567,184
7,1568,182
7,1569,183
7,1570,199
7,1571,204
7,1572,205
7,1573,207
7,1574,202
7,1575,207
7,1576,206
7,1577,185
7,1578,201
7,1579,199
7,1580,202
7,1581,183
7,1582,205
7,1583,202
7,1584,204
7,1585,188
7,1586,183
7,1587,184
7,1588,181
7,1589,206
7,1590,203
7,1591,205
7,1592,184
7,1593,202
7,1594,204
7,1595,185
7,1596,182
7,1597,204
7,1598,209
7,1599,198
7,1600,185
7,1601,182
7,1602,184
7,1603,208
7,1604,202
7,1605,204
7,1606,204
7,1607,188
7,1608,183
7,1609,203
7,1610,206
7,1611,204
7,1612,203
7,1613,203
7,1614,205
7,1615,204
7,1616,182
7,1617,201
7,1618,187
7,1619,180
7,1620,179
7,1621,181
7,1622,180
7,1623,188
7,1624,198
7,1625,182
7,1626,180
7,1627,200
7,1628,202
7,1629,200
7,1630,205
7,1631,188
7,1632,182
7,1633,204
7,1634,201
7,1635,203
7,1636,202
7,1637,203
7,1638,209
7,1639,206
7,1640,204
7,1641,205
7,1642,204
7,1643,204
7,1644,184
7,1645,202
7,1646,203
7,1647,203
7,1648,204
7,1649,205
7,1650,185
7,1651,202
7,1652,204
7,1653,182
7,1654,207
7,1655,202
7,1656,184
7,1657,177
7,1658,180
7,1659,202
7,1660,208
7,1661,205
7,1662,201
7,1663,183
7,1664,201
7,1665,206
7,1666,199
7,1667,203
7,1668,204
7,1669,203
7,1670,205
7,1671,202
7,1672,207
7,1673,204
7,1674,202
7,1675,203
7,1676,206
7,1677,180
7,1678,208
7,1679,203
7,1680,199
7,1681,206
7,1682,204
7,1683,207
7,1684,207
7,1685,205
7,1686,206
7,1687,208
7,1688,206
7,1689,209
7,1690,206
7,1691,207
7,1692,202
7,1693,205
7,1694,207
7,1695,204
7,1696,181
7,1697,182
7,1698,186
7,1699,185
7,1700,203
7,1701,209
7,1702,185
7,1703,181
7,1704,181
7,1705,200
7,1706,203
7,1707,207
7,1708,202
7,1709,203
7,1710,203
7,1711,201
7,1712,183
7,1713,203
7,1714,182
7,1715,201
7,1716,183
7,1717,202
7,1718,204
7,1719,204
7,1720,207
7,1721,204
7,1722,205
7,1723,203
7,1724,204
7,1725,206
7,1726,203
7,1727,186
7,1728,203
7,1729,198
7,1730,204
7,1731,207
7,1732,183
7,1733,183
7,1734,201
7,1735,207
7,1736,208
7,1737,206
7,1738,204
7,1739,182
7,1740,205
7,1741,181
7,1742,181
7,1743,185
7,1744,204
7,1745,182
7,1746,182
7,1747,183
7,1748,207
7,1749,182
7,1750,183
7,1751,201
7,1752,184
7,1753,202
7,1754,202
7,1755,203
7,1756,205
7,1757,203
7,1758,204
7,1759,204
7,1760,206
7,1761,184
7,1762,198
7,1763,199
7,1764,184
7,1765,206
7,1766,203
7,1767,209
7,1768,204
7,1769,201
7,1770,185
7,1771,205
7,1772,183
7,1773,203
7,1774,179
7,1775,207
7,1776,184
7,1777,183
7,1778,203
7,1779,200
7,1780,206
7,1781,203
7,1782,204
7,1783,199
7,1784,202
7,1785,179
7,1786,180
7,1787,205
7,1788,183
7,1789,185
7,1790,204
7,1791,186
7,1792,179
7,1793,203
7,1794,202
7,1795,206
7,1796,205
7,1797,181
7,1798,188
7,1799,210
7,1800,207
7,1801,183
7,1802,182
7,1803,204
7,1804,206
7,1805,204
7,1806,207
7,1807,206
7,1808,206
7,1809,202
7,1810,183
7,1811,181
7,1812,190
7,1813,181
7,1814,180
7,1815,207
7,1816,185
7,1817,203
7,1818,201
7,1819,181
7,1820,183
7,1821,187
7,1822,203
7,1823,185
7,1824,179
7,1825,205
7,1826,204
7,1827,203
7,1828,212
7,1829,206
7,1830,188
7,1831,203
7,1832,183
7,1833,206
7,1834,184
7,1835,184
7,1836,181
7,1837,205
7,1838,205
7,1839,203
7,1840,184
7,1841,183
7,1842,203
7,1843,207
7,1844,203
7,1845,206
7,1846,182
7,1847,181
7,1848,180
7,1849,204
7,1850,206
7,1851,205
7,1852,206
7,1853,207
7,1854,185
7,1855,202
7,1856,204
7,1857,205
7,1858,205
7,1859,182
7,1860,203
7,1861,204
7,1862,203
7,1863,208
7,1864,208
7,1865,183
7,1866,204
7,1867,185
7,1868,201
7,1869,202
7,1870,202
7,1871,205
7,1872,183
7,1873,203
7,1874,206
7,1875,181
7,1876,203
7,1877,180
7,1878,203
7,1879,206
7,1880,205
7,1881,204
7,1882,208
7,1883,204
7,1884,207
7,1885,201
7,1886,183
7,1887,201
7,1888,185
7,1889,183
7,1890,200
7,1891,185
7,1892,181
7,1893,180
7,1894,206
7,1895,207
7,1896,180
7,1897,208
7,1898,204
7,1899,203
7,1900,204
7,1901,185
7,1902,206
7,1903,184
7,1904,204
7,1905,207
7,1906,206
7,1907,201
7,1908,207
7,1909,181
7,1910,184
7,1911,201
7,1912,206
7,1913,205
7,1914,200
7,1915,201
7,1916,204
7,1917,182
7,1918,180
7,1919,205
7,1920,208
7,1921,206
7,1922,203
7,1923,181
7,1924,180
7,1925,205
7,1926,200
7,1927,204
7,1928,201
7,1929,205
7,1930,184
7,1931,201
7,1932,209
7,1933,205
7,1934,184
7,1935,201
7,1936,186
7,1937,203
7,1938,182
7,1939,200
7,1940,184
7,1941,182
7,1942,181
7,1943,200
7,1944,204
7,1945,207
7,1946,205
7,1947,203
7,1948,179
7,1949,182
7,1950,182
7,1951,178
7,1952,203
7,1953,206
7,1954,183
7,1955,204
7,1956,202
7,1957,206
7,1958,205
7,1959,202
7,1960,184
7,1961,204
7,1962,185
7,1963,183
7,1964,184
7,1965,184
7,1966,203
7,1967,185
7,1968,181
7,1969,181
7,1970,176
7,1971,182
7,1972,179
7,1973,181
7,1974,182
7,1975,186
7,1976,203
7,1977,203
7,1978,182
7,1979,205
7,1980,199
7,1981,184
7,1982,205
7,1983,186
7,1984,185
7,1985,184
7,1986,182
7,1987,205
7,1988,208
7,1989,205
7,1990,204
7,1991,207
7,1992,208
7,1993,186
7,1994,201
7,1995,183
7,1996,182
7,1997,202
7,1998,186
7,1999,187
7,2000,181
7,2001,204
7,2002,203
7,2003,182
7,2004,182
7,2005,182
7,2006,204
7,2007,201
7,2008,204
7,2009,184
7,2010,210
7,2011,202
7,2012,204
7,2013,202
7,2014,206
7,2015,183
7,2016,181
7,2017,201
7,2018,206
7,2019,209
7,2020,201
7,2021,206
7,2022,204
7,2023,184
7,2024,206
7,2025,206
7,2026,201
7,2027,207
7,2028,185
7,2029,201
7,2030,206
7,2031,206
7,2032,208
7,2033,200
7,2034,207
7,2035,203
7,2036,207
7,2037,204
7,2038,203
7,2039,184
7,2040,183
7,2041,200
7,2042,204
7,2043,187
7,2044,201
7,2045,208
7,2046,203
7,2047,186
7,2048,202
7,2049,200
7,2050,180
7,2051,183
7,2052,201
7,2053,200
7,2054,205
7,2055,204
7,2056,203
7,2057,185
7,2058,178
7,2059,200
7,2060,203
7,2061,204
7,2062,207
7,2063,204
7,2064,181
7,2065,182
7,2066,180
7,2067,202
7,2068,207
7,2069,207
7,2070,203
7,2071,182
7,2072,208
7,2073,207
7,2074,205
7,2075,205
7,2076,185
7,2077,204
7,2078,206
7,2079,203
7,2080,207
7,2081,206
7,2082,204
7,2083,183
7,2084,200
7,2085,204
7,2086,206
7,2087,204
7,2088,202
7,2089,207
7,2090,203
7,2091,186
7,2092,185
7,2093,203
7,2094,205
7,2095,205
7,2096,201
7,2097,205
7,2098,207
7,2099,199
7,2100,200
7,2101,184
7,2102,203
7,2103,208
7,2104,183
7,2105,202
7,2106,205
7,2107,205
7,2108,205
7,2109,208
7,2110,204
7,2111,205
7,2112,205
7,2113,188
7,2114,202
7,2115,199
7,2116,180
7,2117,187
7,2118,202
7,2119,183
7,2120,203
7,2121,203
7,2122,202
7,2123,206
7,2124,183
7,2125,179
7,2126,202
7,2127,202
7,2128,182
7,2129,205
7,2130,184
7,2131,201
7,2132,180
7,2133,181
7,2134,204
7,2135,207
7,2136,184
7,2137,202
7,2138,204
7,2139,207
7,2140,204
7,2141,202
7,2142,179
7,2143,203
7,2144,202
7,2145,203
7,2146,185
7,2147,205
7,2148,202
7,2149,210
7,2150,206
7,2151,206
7,2152,180
7,2153,183
7,2154,202
7,2155,206
7,2156,211
7,2157,205
7,2158,201
7,2159,207
7,2160,204
7,2161,200
7,2162,205
7,2163,206
7,2164,182
7,2165,204
7,2166,206
7,2167,203
7,2168,201
7,2169,209
7,2170,207
7,2171,204
7,2172,185
7,2173,205
7,2174,202
7,2175,204
7,2176,201
7,2177,209
7,2178,203
7,2179,206
7,2180,204
7,2181,212
7,2182,204
7,2183,182
7,2184,206
7,2185,205
7,2186,205
7,2187,203
7,2188,205
7,2189,203
7,2190,183
7,2191,204
7,2192,186
7,2193,182
7,2194,199
7,2195,206
7,2196,182
7,2197,205
7,2198,208
7,2199,203
7,2200,182
7,2201,204
7,2202,202
7,2203,184
7,2204,179
7,2205,204
7,2206,207
7,2207,199
7,2208,205
7,2209,206
7,2210,201
7,2211,204
7,2212,205
7,2213,187
7,2214,183
7,2215,204
7,2216,207
7,2217,203
7,2218,184
7,2219,205
7,2220,203
7,2221,200
7,2222,184
7,2223,182
7,2224,185
7,2225,181
7,2226,207
7,2227,200
7,2228,184
7,2229,180
7,2230,210
7,2231,205
7,2232,205
7,2233,198
7,2234,207
7,2235,185
7,2236,181
7,2237,204
7,2238,205
7,2239,180
7,2240,203
7,2241,208
7,2242,205
7,2243,206
7,2244,204
7,2245,207
7,2246,203
7,2247,199
7,2248,205
7,2249,184
7,2250,183
7,2251,181
7,2252,183
7,2253,203
7,2254,184
7,2255,198
7,2256,209
7,2257,187
7,2258,204
7,2259,205
7,2260,200
7,2261,202
7,2262,205
7,2263,202
7,2264,204
7,2265,201
7,2266,186
7,2267,202
7,2268,181
7,2269,203
7,2270,204
7,2271,203
7,2272,208
7,2273,201
7,2274,202
7,2275,184
7,2276,206
7,2277,185
7,2278,185
7,2279,202
7,2280,205
7,2281,203
7,2282,203
7,2283,206
7,2284,207
7,2285,202
7,2286,207
7,2287,206
7,2288,200
7,2289,210
7,2290,205
7,2291,181
7,2292,202
7,2293,208
7,2294,184
7,2295,185
7,2296,202
7,2297,204
7,2298,202
7,2299,206
7,2300,204
7,2301,205
7,2302,205
7,2303,204
7,2304,204
7,2305,204
7,2306,208
7,2307,210
7,2308,206
7,2309,206
7,2310,205
7,2311,199
7,2312,202
7,2313,206
7,2314,203
7,2315,185
7,2316,202
7,2317,183
7,2318,206
7,2319,207
7,2320,206
7,2321,202
7,2322,209
7,2323,204
7,2324,205
7,2325,203
7,2326,202
7,2327,200
7,2328,205
7,2329,205
7,2330,185
7,2331,201
7,2332,202
7,2333,205
7,2334,203
7,2335,200
7,2336,203
7,2337,184
7,2338,207
7,2339,203
7,2340,203
7,2341,202
7,2342,204
7,2343,205
7,2344,203
7,2345,206
7,2346,209
7,2347,206
7,2348,205
7,2349,184
7,2350,201
7,2351,184
7,2352,206
7,2353,204
7,2354,206
7,2355,183
7,2356,203
7,2357,211
7,2358,202
7,2359,210
7,2360,205
7,2361,204
7,2362,202
7,2363,204
7,2364,208
7,2365,187
7,2366,200
7,2367,205
7,2368,185
7,2369,183
7,2370,204
7,2371,203
7,2372,207
7,2373,201
7,2374,204
7,2375,206
7,2376,201
7,2377,202
7,2378,205
7,2379,202
7,2380,205
7,2381,206
7,2382,211
7,2383,205
7,2384,203
7,2385,207
7,2386,207
7,2387,209
7,2388,202
7,2389,205
7,2390,209
7,2391,208
7,2392,207
7,2393,206
7,2394,206
7,2395,201
7,2396,205
7,2397,210
7,2398,204
7,2399,209
7,2400,205
7,2401,206
7,2402,205
7,2403,202
7,2404,207
7,2405,208
7,2406,207
7,2407,202
7,2408,209
7,2409,184
7,2410,207
7,2411,207
7,2412,208
7,2413,205
7,2414,182
7,2415,204
7,2416,181
7,2417,184
7,2418,202
7,2419,183
7,2420,205
7,2421,203
7,2422,202
7,2423,203
7,2424,207
7,2425,202
7,2426,188
7,2427,186
7,2428,206
7,2429,180
7,2430,204
7,2431,208
7,2432,203
7,2433,204
7,2434,213
7,2435,199
7,2436,201
7,2437,203
7,2438,185
7,2439,181
7,2440,181
7,2441,204
7,2442,203
7,2443,180
7,2444,204
7,2445,205
7,2446,205
7,2447,201
7,2448,204
7,2449,184
7,2450,205
7,2451,183
7,2452,183
7,2453,204
7,2454,207
7,2455,207
7,2456,205
7,2457,213
7,2458,205
7,2459,199
7,2460,206
7,2461,204
7,2462,204
7,2463,182
7,2464,204
7,2465,206
7,2466,203
7,2467,205
7,2468,203
7,2469,185
7,2470,200
7,2471,206
7,2472,199
7,2473,206
7,2474,203
7,2475,204
7,2476,206
7,2477,200
7,2478,203
7,2479,206
7,2480,204
7,2481,201
7,2482,203
7,2483,203
7,2484,205
7,2485,183
7,2486,180
7,2487,185
7,2488,205
7,2489,178
7,2490,180
7,2491,204
7,2492,206
7,2493,207
7,2494,205
7,2495,204
7,2496,205
7,2497,208
7,2498,202
7,2499,203
7,2500,206
7,2501,206
7,2502,207
7,2503,204
7,2504,205
7,2505,208
7,2506,203
7,2507,202
7,2508,205
7,2509,206
7,2510,201
7,2511,205
7,2512,204
7,2513,206
7,2514,203
7,2515,186
7,2516,184
7,2517,186
7,2518,185
7,2519,204
7,2520,207
7,2521,210
7,2522,203
7,2523,203
7,2524,202
7,2525,201
7,2526,207
7,2527,207
7,2528,205
7,2529,189
7,2530,201
7,2531,207
7,2532,204
7,2533,200
7,2534,208
7,2535,206
7,2536,205
7,2537,206
7,2538,184
7,2539,207
7,2540,203
7,2541,210
7,2542,183
7,2543,204
7,2544,187
7,2545,205
7,2546,209
7,2547,204
7,2548,203
7,2549,201
7,2550,209
7,2551,207
7,2552,199
7,2553,206
7,2554,209
7,2555,208
7,2556,189
7,2557,183
7,2558,201
7,2559,207
7,2560,203
7,2561,204
7,2562,184
7,2563,201
7,2564,208
7,2565,209
7,2566,205
7,2567,208
7,2568,206
7,2569,201
7,2570,201
7,2571,205
7,2572,207
7,2573,206
7,2574,203
7,2575,204
7,2576,205
7,2577,201
7,2578,206
7,2579,206
7,2580,200
7,2581,202
7,2582,185
7,2583,182
7,2584,205
7,2585,206
7,2586,206
7,2587,208
7,2588,186
7,2589,181
7,2590,207
7,2591,201
7,2592,206
7,2593,203
7,2594,205
7,2595,206
7,2596,205
7,2597,204
7,2598,202
7,2599,208
7,2600,201
7,2601,184
7,2602,201
7,2603,204
7,2604,186
7,2605,204
7,2606,203
7,2607,208
7,2608,204
7,2609,205
7,2610,206
7,2611,207
7,2612,206
7,2613,206
7,2614,207
7,2615,204
7,2616,201
7,2617,185
7,2618,204
7,2619,199
7,2620,181
7,2621,207
7,2622,205
7,2623,204
7,2624,188
7,2625,187
7,2626,208
7,2627,203
7,2628,201
7,2629,205
7,2630,206
7,2631,202
7,2632,207
7,2633,205
7,2634,206
7,2635,206
7,2636,206
7,2637,209
7,2638,201
7,2639,201
7,2640,207
7,2641,203
7,2642,209
7,2643,182
7,2644,203
7,2645,203
7,2646,206
7,2647,205
7,2648,202
7,2649,204
7,2650,208
7,2651,205
7,2652,206
7,2653,204
7,2654,207
7,2655,186
7,2656,185
7,2657,182
7,2658,205
7,2659,205
7,2660,204
7,2661,212
7,2662,202
7,2663,204
7,2664,206
7,2665,206
7,2666,202
7,2667,200
7,2668,202
7,2669,204
7,2670,183
7,2671,202
7,2672,205
7,2673,207
7,2674,205
7,2675,205
7,2676,208
7,2677,205
7,2678,204
7,2679,205
7,2680,204
7,2681,211
7,2682,203
7,2683,205
7,2684,209
7,2685,207
7,2686,201
7,2687,209
7,2688,201
7,2689,206
7,2690,209
7,2691,203
7,2692,201
7,2693,184
7,2694,184
7,2695,203
7,2696,204
7,2697,200
7,2698,205
7,2699,188
7,2700,181
7,2701,199
7,2702,207
7,2703,202
7,2704,199
7,2705,199
7,2706,185
7,2707,204
7,2708,202
7,2709,209
7,2710,202
7,2711,206
7,2712,205
7,2713,205
7,2714,209
7,2715,206
7,2716,201
7,2717,202
7,2718,208
7,2719,204
7,2720,207
7,2721,201
7,2722,209
7,2723,205
7,2724,203
7,2725,207
7,2726,205
7,2727,186
7,2728,204
7,2729,185
7,2730,205
7,2731,204
7,2732,184
7,2733,207
7,2734,188
7,2735,206
7,2736,183
7,2737,210
7,2738,182
7,2739,207
7,2740,203
7,2741,207
7,2742,208
7,2743,202
7,2744,201
7,2745,204
7,2746,182
7,2747,201
7,2748,206
7,2749,205
7,2750,208
7,2751,207
7,2752,208
7,2753,201
7,2754,185
7,2755,206
7,2756,209
7,2757,185
7,2758,205
7,2759,205
7,2760,181
7,2761,204
7,2762,205
7,2763,202
7,2764,207
7,2765,207
7,2766,204
7,2767,205
7,2768,201
7,2769,202
7,2770,206
7,2771,206
7,2772,204
7,2773,209
7,2774,202
7,2775,186
7,2776,207
7,2777,201
7,2778,200
7,2779,204
7,2780,206
7,2781,207
7,2782,205
7,2783,202
7,2784,201
7,2785,204
7,2786,203
7,2787,183
7,2788,206
7,2789,204
7,2790,200
7,2791,209
7,2792,203
7,2793,203
7,2794,209
7,2795,204
7,2796,202
7,2797,184
7,2798,203
7,2799,203
7,2800,206
7,2801,201
7,2802,207
7,2803,206
7,2804,202
7,2805,204
7,2806,206
7,2807,205
7,2808,203
7,2809,201
7,2810,207
7,2811,201
7,2812,203
7,2813,207
7,2814,207
7,2815,204
7,2816,182
7,2817,208
7,2818,208
7,2819,199
7,2820,205
7,2821,204
7,2822,186
7,2823,208
7,2824,204
7,2825,186
7,2826,206
7,2827,206
7,2828,209
7,2829,206
7,2830,207
7,2831,204
7,2832,204
7,2833,203
7,2834,204
7,2835,209
7,2836,205
7,2837,204
7,2838,210
7,2839,206
7,2840,209
7,2841,207
7,2842,210
7,2843,205
7,2844,202
7,2845,205
7,2846,207
7,2847,181
7,2848,206
7,2849,204
7,2850,206
7,2851,207
7,2852,208
7,2853,206
7,2854,208
7,2855,208
7,2856,208
7,2857,208
7,2858,208
7,2859,207
7,2860,205
7,2861,200
7,2862,203
7,2863,207
7,2864,207
7,2865,205
7,2866,189
7,2867,186
7,2868,207
7,2869,204
7,2870,206
7,2871,205
7,2872,207
7,2873,200
7,2874,208
7,2875,206
7,2876,200
7,2877,202
7,2878,204
7,2879,208
7,2880,208
7,2881,201
7,2882,205
7,2883,205
7,2884,206
7,2885,204
7,2886,206
7,2887,206
7,2888,205
7,2889,205
7,2890,203
7,2891,210
7,2892,205
7,2893,205
7,2894,207
7,2895,203
7,2896,209
7,2897,204
7,2898,207
7,2899,183
7,2900,208
7,2901,205
7,2902,181
7,2903,204
7,2904,205
7,2905,207
7,2906,203
7,2907,202
7,2908,204
7,2909,203
7,2910,186
7,2911,202
7,2912,209
7,2913,205
7,2914,207
7,2915,202
7,2916,203
7,2917,206
7,2918,210
7,2919,211
7,2920,207
7,2921,207
7,2922,204
7,2923,204
7,2924,208
7,2925,204
7,2926,205
7,2927,205
7,2928,205
7,2929,209
7,2930,200
7,2931,205
7,2932,206
7,2933,206
7,2934,203
7,2935,207
7,2936,209
7,2937,201
7,2938,187
7,2939,208
7,2940,206
7,2941,203
7,2942,203
7,2943,201
7,2944,203
7,2945,204
7,2946,207
7,2947,202
7,2948,206
7,2949,204
7,2950,204
7,2951,208
7,2952,204
7,2953,210
7,2954,201
7,2955,204
7,2956,206
7,2957,201
7,2958,204
7,2959,182
7,2960,207
7,2961,186
7,2962,206
7,2963,204
7,2964,205
7,2965,203
7,2966,186
7,2967,200
7,2968,184
7,2969,201
7,2970,198
7,2971,209
7,2972,205
7,2973,205
7,2974,207
7,2975,204
7,2976,207
7,2977,206
7,2978,205
7,2979,200
7,2980,208
7,2981,204
7,2982,211
7,2983,203
7,2984,206
7,2985,209
7,2986,205
7,2987,202
7,2988,203
7,2989,202
7,2990,199
7,2991,206
7,2992,202
7,2993,201
7,2994,208
7,2995,182
7,2996,185
7,2997,207
